epoch,steps,cosine_pearson,cosine_spearman
1.0,7,0.8715296627276591,0.7912604998139044
2.0,14,0.8718561786146979,0.7543350098225888
3.0,21,0.8763231173323249,0.7784496155312031
4.0,28,0.8862564384032808,0.7807103598163856
5.0,35,0.8914567805962922,0.7776960341028089
6.0,42,0.8927959757093094,0.7581029169645599
7.0,49,0.893708006664882,0.7581029169645599
8.0,56,0.8937531917840895,0.7581029169645599
9.0,63,0.8937461348926989,0.7581029169645599
10.0,70,0.8937461348926989,0.7581029169645599
